Model,Dimensions,CV-ROC-AUC,ROC-AUC,Accuracy,Precision,Recall,F1-score
Dummy,8,0.5,0.5,0.5,0.0,0.0,0.0
Sig-SVC,8,0.8820366666666667,0.9123040000000001,0.832,0.8539445628997868,0.801,0.826625386996904
Dummy,16,0.5,0.5,0.5,0.0,0.0,0.0
Sig-SVC,16,0.9472811111111114,0.9632650000000001,0.8655,0.9517923362175525,0.77,0.8512990602542841
