Model,Dimensions,CV-ROC-AUC,ROC-AUC,Accuracy,Precision,Recall,F1-score
Dummy,8,0.5,0.5,0.5,0.0,0.0,0.0
Sig-SVC,8,0.8820366666666667,0.9123040000000001,0.832,0.8539445628997868,0.801,0.826625386996904
